{
  "device": "cpu",
  "threads": 1,
  "prefill": 64,
  "decode": 64,
  "rows": [
    {
      "name": "baby",
      "d": 384,
      "L": 8,
      "d_ff": 1536,
      "params_M": 17.4,
      "budget": 0.125,
      "sec_per_tok": {
        "none": 0.0042329636093754175,
        "dense": 0.008267223390625134,
        "born": 0.006651250984374357,
        "posthoc": 0.011053325499999822
      },
      "tok_s": {
        "none": 236.24110488102025,
        "dense": 120.95959583407169,
        "born": 150.34765675649268,
        "posthoc": 90.4705104359784
      },
      "ffn_share": 0.48798243262961616,
      "e2e_born": 1.2429576646629552,
      "e2e_posthoc": 0.7479399200381158,
      "ffn_only_born": 1.6682300966201276,
      "amdahl_pred": 1.2429576646629552
    },
    {
      "name": "mid",
      "d": 768,
      "L": 12,
      "d_ff": 3072,
      "params_M": 91.4,
      "budget": 0.125,
      "sec_per_tok": {
        "none": 0.015444181484375541,
        "dense": 0.034168289265624985,
        "born": 0.02085032021875044,
        "posthoc": 0.037697423515624884
      },
      "tok_s": {
        "none": 64.74930387289692,
        "dense": 29.26690277719143,
        "born": 47.96089410179476,
        "posthoc": 26.52701184168511
      },
      "ffn_share": 0.547996642023481,
      "e2e_born": 1.6387417031081306,
      "e2e_posthoc": 0.9063826139593562,
      "ffn_only_born": 3.46349006217549,
      "amdahl_pred": 1.6387417031081304
    },
    {
      "name": "large",
      "d": 1536,
      "L": 24,
      "d_ff": 6144,
      "params_M": 692.6,
      "budget": 0.125,
      "sec_per_tok": {
        "none": 0.08752066843749962,
        "dense": 0.2241838533281264,
        "born": 0.11232560931250113,
        "posthoc": 0.2076851431093747
      },
      "tok_s": {
        "none": 11.425872515063357,
        "dense": 4.460624550584164,
        "born": 8.902689298732398,
        "posthoc": 4.81498091307072
      },
      "ffn_share": 0.6096031576841526,
      "e2e_born": 1.9958391919729044,
      "e2e_posthoc": 1.0794409747935743,
      "ffn_only_born": 5.5095146398174375,
      "amdahl_pred": 1.9958391919729044
    },
    {
      "name": "opt",
      "d": 2048,
      "L": 24,
      "d_ff": 8192,
      "params_M": 1225.5,
      "budget": 0.125,
      "sec_per_tok": {
        "none": 0.14753126285937412,
        "dense": 0.3990567590000005,
        "born": 0.18794234457812564,
        "posthoc": 0.323448874703125
      },
      "tok_s": {
        "none": 6.778224361525284,
        "dense": 2.5059091907274245,
        "born": 5.320780701361904,
        "posthoc": 3.0916787109488078
      },
      "ffn_share": 0.6303000524810709,
      "e2e_born": 2.123293502035231,
      "e2e_posthoc": 1.2337552862605305,
      "ffn_only_born": 6.224171327339493,
      "amdahl_pred": 2.123293502035231
    }
  ]
}